<beans xmlns="http://www.springframework.org/schema/beans"
       xmlns:xsi="http://www.w3.org/2001/XMLSchema-instance" xmlns:aop="http://www.springframework.org/schema/aop"
       xmlns:context="http://www.springframework.org/schema/context"
       xsi:schemaLocation="http://www.springframework.org/schema/beans
        http://www.springframework.org/schema/beans/spring-beans.xsd
        http://www.springframework.org/schema/aop
        https://www.springframework.org/schema/aop/spring-aop.xsd
        http://www.springframework.org/schema/context
        https://www.springframework.org/schema/context/spring-context.xsd">




    <bean id="bookRepository" class="com.library.repository.BookRepository">
        <property name="bookService" ref="bookService" />
    </bean>

    <bean id="bookService" class="com.library.service.BookService">
        <constructor-arg ref="bookRepository" />
    </bean>

    <bean id="bookServiceSetter" class="com.library.service.BookService">
        <property name="bookRepository" ref="bookRepository" />
    </bean>
    <aop:aspectj-autoproxy/>



    <bean id="loggingAspect" class="com.library.aspect.LoggingAspect"/>

    <context:component-scan base-package="com.library"/>
</beans>